,metric_name,score,num_topics
0,V_measure,0.585776056390278,10
1,completeness,0.7227074379547652,10
2,homogeneity,0.492468119536315,10
3,adjusted_mutual_info,-0.05380759432868285,10
4,V_measure,0.6002326326680218,10
5,completeness,0.7158135622017487,10
6,homogeneity,0.5167879547084291,10
7,adjusted_mutual_info,0.033337986125453425,10
